"","Row.names","baseMean.x","log2FoldChange.x","lfcSE.x","stat.x","pvalue.x","padj.x","sig.x","baseMean.y.x","log2FoldChange.y.x","lfcSE.y.x","stat.y.x","pvalue.y.x","padj.y.x","sig.y.x","baseMean.y.y","log2FoldChange.y.y","lfcSE.y.y","stat.y.y","pvalue.y.y","padj.y.y","sig.y.y"
"1","g1314",6799.50429639051,-8.29100448488871,1.32842775087827,-6.24121596331243,4.34182284838545e-10,8.40403410380149e-08,"FDR<0.1",9467.24256037448,-10.3289758287847,1.71812241975204,-6.01178106404974,1.83496031680667e-09,5.43148253774774e-07,"FDR<0.1",9421.67700326541,-6.99118603754605,1.69540606356857,-4.12360565871203,3.72987245211951e-05,0.0020576463027526,"FDR<0.1"
"2","g1406",1474.76171597908,13.1540812233187,1.94492429296937,6.76328701886698,1.34895621689042e-11,4.44346177843704e-09,"FDR<0.1",953.536746294008,13.7601718357381,2.27187029655425,6.05675942707121,1.38891065158809e-09,5.43148253774774e-07,"FDR<0.1",537.108920848706,12.9451967031424,2.302719755345,5.62169872086883,1.89088821094349e-08,6.25883997822294e-06,"FDR<0.1"
"3","g1435",3671.1942945087,-6.6009294973745,1.18145970929792,-5.5870965767399,2.30897332690747e-08,2.71634219244043e-06,"FDR<0.1",5063.70379823667,-6.8882332869598,1.56112963027563,-4.41233908662898,1.02259791480088e-05,0.000712209371249553,"FDR<0.1",5009.49094065526,-7.69739676985242,1.58438357435225,-4.85829119567803,1.18403185896787e-06,0.000174184242363718,"FDR<0.1"
"4","g1633",452.336831821474,6.64513209506572,1.62256616743292,4.09544598454129,4.21356462988978e-05,0.00110154618181404,"FDR<0.1",152.051088878927,5.89649304881494,2.08283807863094,2.83098965268137,0.00464042222300162,0.0523262848765136,"FDR<0.1",241.781015829513,6.59799064432071,2.06074877574689,3.20174429895239,0.00136598192388351,0.0269934338391309,"FDR<0.1"
"5","g1655",21358.2161537683,-8.67374544651628,2.08643167249447,-4.15721519226471,3.22150512661962e-05,0.000884303157257085,"FDR<0.1",29174.0577690412,-11.8534252366101,2.4345189380403,-4.86889834841524,1.12222113270972e-06,9.49078443663081e-05,"FDR<0.1",28891.4933602052,-9.80522492807762,2.42645594484884,-4.04096556910224,5.32315742251942e-05,0.00271071554900604,"FDR<0.1"
"6","g1665",1253.95208294019,-4.13114356773796,1.19683674262668,-3.45171853487001,0.00055702846843258,0.00890704745153844,"FDR<0.1",1659.44783856497,-4.64187901610499,1.56403212810264,-2.96789236787364,0.00299849308073036,0.0394468423064972,"FDR<0.1",1646.35097331149,-4.55359677453164,1.58133317709074,-2.87959352304815,0.00398188178967822,0.0546573814497403,"FDR<0.1"
"7","g1671",93.4924122612893,9.17361016355333,2.19817108566434,4.17329216246189,3.00229540475346e-05,0.000846828060593336,"FDR<0.1",59.6453131465252,9.76137226974478,2.51713956520655,3.87796227299927,0.000105335046833537,0.00377929380154267,"FDR<0.1",34.8339595781708,8.99854855034956,2.72611666814976,3.30086700084518,0.000963865616584187,0.0212693012726244,"FDR<0.1"
"8","g1765",4197.01400992973,-5.04250957516962,1.18380684092997,-4.25957124154507,2.04819411358713e-05,0.000624699204644073,"FDR<0.1",5668.65207998054,-4.5626458559013,1.55808049574727,-2.92837620928757,0.00340737485174266,0.0428408199920788,"FDR<0.1",5564.57588257687,-5.41296276362792,1.57648386575356,-3.43356686434626,0.000595695259337635,0.015291100752097,"FDR<0.1"
"9","g1801",650.468945946079,7.52659852136233,1.54210891774745,4.88071784991452,1.05700378254394e-06,5.27540978742384e-05,"FDR<0.1",636.305584188587,9.47377292230378,1.92545875288763,4.9202679143845,8.64258273076089e-07,8.22255683923794e-05,"FDR<0.1",145.937656045258,7.35274735829274,2.04516550143005,3.59518452328257,0.000324161734110483,0.0102188127610067,"FDR<0.1"
"10","g1937",891.50681126044,-4.84976902463371,1.23307134017209,-3.93308064718855,8.38640849812653e-05,0.00179382010343044,"FDR<0.1",1198.92534862352,-5.93449309637572,1.59937933998011,-3.71049753365548,0.000206852312006999,0.00544251416480637,"FDR<0.1",1201.62069876508,-4.69239858319083,1.60675942566122,-2.92041142454154,0.00349569552522442,0.0503076182108384,"FDR<0.1"
"11","g1963",1044.17538320464,-7.84406682509088,1.25858760154403,-6.2324361176511,4.59236836273306e-10,8.40403410380149e-08,"FDR<0.1",1446.45390902003,-8.42437225573531,1.65270582834394,-5.09732107871657,3.44493754987449e-07,4.07880605905139e-05,"FDR<0.1",1435.24308931708,-7.64111227391194,1.63570008762852,-4.67146289940611,2.99062121651482e-06,0.000371673355905004,"FDR<0.1"
"12","g1978",116.180991552539,9.45446273445719,2.14792729180361,4.40166795707423,1.07421864900146e-05,0.000368591273938625,"FDR<0.1",78.3008956725308,10.1539930903632,2.45677514932608,4.13305755439141,3.5796904019044e-05,0.00192652428902491,"FDR<0.1",40.4688648040513,9.21486801849393,2.66720653727558,3.45487606216894,0.000550545836632978,0.0151858893271263,"FDR<0.1"
"13","g1979",214.208703351182,10.5255936779276,2.04957529578385,5.13549987628149,2.81395065167314e-07,1.85383068932226e-05,"FDR<0.1",130.851832365505,10.8948264936429,2.37751959328162,4.58243394688707,4.59594905720246e-06,0.000340100230232982,"FDR<0.1",74.7905602707784,10.1009153024522,2.49273445531095,4.05214253003622,5.0750730499414e-05,0.00268775868724897,"FDR<0.1"
"14","g2008",7750.21011852225,6.67922739801705,1.17266377502025,5.69577362266664,1.22813745387659e-08,1.68561865544562e-06,"FDR<0.1",2596.26395837286,5.86443723517697,1.55716920986764,3.76608861645514,0.000165824956182704,0.00484827090191871,"FDR<0.1",4038.27651684941,6.53268502439077,1.57212812035788,4.15531338686548,3.24841985843188e-05,0.00195495813298355,"FDR<0.1"
"15","g2016",854.087689700167,-4.08875076398262,1.27116324412394,-3.21654262966084,0.00129745256384071,0.0164377259434281,"FDR<0.1",1132.23893478288,-4.98442125095894,1.62466515269595,-3.06796833962238,0.00215519450442051,0.0312525921810695,"FDR<0.1",1133.53630037387,-4.28053856358592,1.6383672431095,-2.61268563662307,0.0089833890656625,0.0975661571410324,"FDR<0.1"
"16","g2059",7472.95048638211,-6.34813613526094,1.17008173850945,-5.42537835292405,5.78319055852763e-08,5.01311307889211e-06,"FDR<0.1",10255.5059166714,-6.13880801944997,1.55061146397358,-3.95895952150304,7.52769924961739e-05,0.00316935352058159,"FDR<0.1",10147.2481653111,-6.49766880515335,1.56856266538897,-4.1424349492228,3.43637853486959e-05,0.0019781587739858,"FDR<0.1"
"17","g2081",33528.0839332812,-4.63227090876869,1.2533010423915,-3.69605605683498,0.000218974643113256,0.00405226109221947,"FDR<0.1",45229.8250525042,-5.0530616833542,1.62035053198952,-3.11849910472759,0.00181774694225356,0.0283185839424765,"FDR<0.1",44944.242079095,-4.85554538128925,1.63705288644256,-2.96602841698091,0.00301672614094573,0.0459097173633581,"FDR<0.1"
"18","g2128",95.7090591103659,-6.97090999062903,1.70530616883741,-4.08777621169426,4.35527977248767e-05,0.00110356089004418,"FDR<0.1",132.095243518818,-5.96208234430754,1.82586915539381,-3.2653393189183,0.00109333016853395,0.0193209390976745,"FDR<0.1",130.119134421175,-7.98582724540333,2.23390777029765,-3.57482406014429,0.000350463489686108,0.0107910153568467,"FDR<0.1"
"19","g2130",77.0410768302807,6.65350764266251,1.97956909811596,3.36108885968918,0.000776358442423446,0.0114166281667091,"FDR<0.1",39.0633932342423,6.73599009255395,2.37442675015902,2.83689109049282,0.00455551483303751,0.0520221879599032,"FDR<0.1",34.7596868805492,6.5803550258797,2.45367389550563,2.68183764677648,0.00732189843216986,0.0865552993231508,"FDR<0.1"
"20","g2131",154.440646048287,10.3122638642183,2.09499485101858,4.92233375141925,8.55182052424325e-07,4.40151512607145e-05,"FDR<0.1",34.6836182173627,8.97921405020909,2.69088625678524,3.33689840199207,0.000847189110152386,0.0164438017445971,"FDR<0.1",95.5372567842477,10.4541229624524,2.44590285774989,4.27413661557665,1.91879363937241e-05,0.00133709619922583,"FDR<0.1"
"21","g225",38.1824192372541,-9.6919327404099,2.93782028447295,-3.29902165616936,0.000970224260412891,0.0137755116974141,"FDR<0.1",52.969155131495,-9.09789988036354,2.80885111044543,-3.23901108411573,0.00119944912079014,0.0200020811128947,"FDR<0.1",52.4909231343634,-9.12164128533923,2.8335744046801,-3.21912891021086,0.00128580666863823,0.026063662434261,"FDR<0.1"
"22","g226",27.2476815374862,-9.20509238809115,3.13906150030577,-2.9324345468206,0.00336315805611874,0.0360937941674919,"FDR<0.1",37.8341741450449,-8.61234665107135,2.89167832915469,-2.97832112383986,0.00289832149457652,0.0385574455008831,"FDR<0.1",37.4952650124753,-8.63619258643742,2.9210897350229,-2.95649684530137,0.00311155414560337,0.0463097426620599,"FDR<0.1"
"23","g227",985.298161666764,-8.47273598673108,1.27561362755607,-6.64208644663343,3.09273471789882e-11,7.2767629719705e-09,"FDR<0.1",1363.46964165523,-7.75294689021953,1.61426631842492,-4.8027681688758,1.56487030029881e-06,0.000123520429036919,"FDR<0.1",1349.55758761652,-8.77667085323484,1.68419087755075,-5.21120911544089,1.87613830506403e-07,4.96801423180954e-05,"FDR<0.1"
"24","g2296",3752.68681729597,-4.30086220113117,1.17451386406856,-3.66182327233909,0.000250426597615018,0.00458280673635482,"FDR<0.1",4983.04578674743,-4.60036836938177,1.55212417673886,-2.96391773179354,0.00303749480541257,0.0395208115341592,"FDR<0.1",4941.81078656848,-4.5434593092217,1.56941916737043,-2.89499415050111,0.00379165598177746,0.0539801346222942,"FDR<0.1"
"25","g2300",2099.19493866401,7.58955528299512,1.66759933574814,4.55118631933862,5.33442823285022e-06,0.000190279139710806,"FDR<0.1",754.377446053314,7.00039702737062,2.08453054764398,3.35826070540571,0.000784345994462917,0.0157400958888829,"FDR<0.1",1097.70908556381,7.56331955546933,2.09544519701137,3.60940938291133,0.000306894955536812,0.00991046149099364,"FDR<0.1"
"26","g2319",1238.43098093918,7.9800134988349,1.46035059871608,5.46445045857538,4.64343035185068e-08,4.49866458205769e-06,"FDR<0.1",254.836477258316,6.36400337904385,1.87147494653271,3.40052822552312,0.000672557920461115,0.0139703259267712,"FDR<0.1",720.556367892333,7.90010148886513,1.84688033633997,4.27753836207984,1.88971399837888e-05,0.00133709619922583,"FDR<0.1"
"27","g2397",279.948688488842,6.2109115441537,1.61581150271804,3.84383421810404,0.000121126846867225,0.00252526476949771,"FDR<0.1",224.481940597114,7.48062638445168,1.98893417380689,3.76112315981453,0.000169152112815801,0.00484827090191871,"FDR<0.1",89.002066977387,6.13836220608369,2.13539355223393,2.87458122164979,0.00404563699552459,0.0546573814497403,"FDR<0.1"
"28","g24",66.6716160083581,-10.4566718241214,2.6275626834417,-3.97960889383037,6.90287362869468e-05,0.00153402069794565,"FDR<0.1",91.445382168724,-5.10013128943233,1.85020229445603,-2.75652630240186,0.00584189140663685,0.0601460819605046,"FDR<0.1",90.6087267192506,-5.12403995080377,1.87532903111814,-2.73234182683591,0.00628858587983581,0.0770934046750242,"FDR<0.1"
"29","g2491",99.60116513324,9.24158732901111,2.18248460211208,4.23443414907379,2.29127912065547e-05,0.000673881555664208,"FDR<0.1",68.053463017401,9.95163252521863,2.48613747999444,4.00284883893101,6.25842913203745e-05,0.00284999234320475,"FDR<0.1",33.5532992995615,8.94450826699756,2.74204700059697,3.261982112287,0.00110636124619718,0.0240134801633617,"FDR<0.1"
"30","g2508",60.107391797976,7.87987949564524,2.33633125572033,3.37275781263977,0.000744193795983852,0.0110422268647334,"FDR<0.1",52.025427326044,9.56417975354942,2.55342466984015,3.74562831890715,0.000179942840872485,0.00495470519983772,"FDR<0.1",18.9537721234164,8.12052862283344,3.0567446066522,2.65659375178458,0.00789344997036963,0.0916748049190297,"FDR<0.1"
"31","g2603",505.390772712093,6.51835367411542,1.31464772810865,4.95825119896812,7.11305554582144e-07,3.77909757547352e-05,"FDR<0.1",192.6406179063,5.94168593592744,1.70531509790595,3.48421587495682,0.000493581206359807,0.0110264178930191,"FDR<0.1",252.943118844857,6.35875525091046,1.70485897878932,3.72978371233146,0.000191644207393856,0.00726086902107758,"FDR<0.1"
"32","g2606",169.929396375709,10.6191712786033,2.0801275051818,5.10505786407322,3.30693309509193e-07,2.09481492600631e-05,"FDR<0.1",19.4438465764003,8.14426424588325,2.98955073519111,2.72424352930831,0.00644489645947197,0.0652201487864513,"FDR<0.1",110.649048071837,10.6659786694758,2.42266504820878,4.40258081791446,1.06970722269087e-05,0.000944194908561806,"FDR<0.1"
"33","g2618",517.996769240027,5.33945514265289,1.3955806972607,3.82597377072739,0.000130256159428413,0.00261624261681215,"FDR<0.1",460.14370389493,6.97828234106691,1.73214916785767,4.02868440579957,5.60898548362859e-05,0.00276709950525677,"FDR<0.1",151.287230878632,5.34150711383931,1.82446543953524,2.9277107683662,0.00341467532599019,0.0496816497979232,"FDR<0.1"
"34","g2632",253.873613551221,8.28546061978626,1.66287836493116,4.98260173114301,6.27349889337579e-07,3.44415089246331e-05,"FDR<0.1",45.7201103615849,6.37848728006125,2.27669387826726,2.80164467474027,0.00508428384471351,0.0557388154827851,"FDR<0.1",141.401551739886,8.03977747907534,2.06622767240449,3.89104143093746,9.98148860073557e-05,0.00426306158302384,"FDR<0.1"
"35","g2781",190.388909231447,7.46364695993987,1.70287263170641,4.38297428766632,1.17069934561618e-05,0.000390688970445427,"FDR<0.1",96.9572736372343,7.47698722695441,2.09685936188347,3.56580291595633,0.000362743904890857,0.00842134869393676,"FDR<0.1",79.1614621994783,7.19663662228751,2.1616555120095,3.32922456066898,0.000870881564752727,0.0202288981005721,"FDR<0.1"
"36","g2793",15710.4883223961,-14.9337393005591,1.60383621179396,-9.3112620794707,1.26322263875626e-20,2.08052768603156e-17,"FDR<0.1",21932.2047885416,-14.3488736609678,1.90252559856444,-7.5420134540081,4.62769990733389e-14,2.73959834514166e-11,"FDR<0.1",21746.0529386559,-12.7883887866303,1.72507449721518,-7.41323856289962,1.23251882516103e-13,1.6318549245132e-10,"FDR<0.1"
"37","g2810",187.274331803171,-6.92876108617862,1.50066163357381,-4.61713748866747,3.8906951379365e-06,0.00014637214361052,"FDR<0.1",257.98935390927,-5.92742954754107,1.72968497133687,-3.42688388103399,0.000610550094308938,0.0129087734225318,"FDR<0.1",255.988927895852,-5.78185634382984,1.74094995923456,-3.32109278222559,0.000896657239035256,0.0203984986318643,"FDR<0.1"
"38","g2841",6580.79545517474,6.32792124193855,1.17818963781039,5.37088516047273,7.83510954464984e-08,6.45221271001914e-06,"FDR<0.1",3031.33293556693,6.1420771275264,1.56063682513046,3.93562232328649,8.29813844071192e-05,0.00316935352058159,"FDR<0.1",3067.19648792482,6.17276770232801,1.57804615548902,3.91165219145008,9.16668620637905e-05,0.00418506639215374,"FDR<0.1"
"39","g2857",1359.64024868979,13.7308721070033,1.94641069961481,7.05445778207068,1.73275048686344e-12,9.5128001728803e-10,"FDR<0.1",196.277748548257,11.4797880119933,2.33722417764254,4.91171883373741,9.02814517821733e-07,8.22255683923794e-05,"FDR<0.1",776.848525004352,13.4776131612326,2.29286526350963,5.87806591853671,4.15087634002867e-09,1.83192009139932e-06,"FDR<0.1"
"40","g3230",243.720400352262,7.84081469709197,1.66810932929024,4.70042014597936,2.59626767640503e-06,0.000112527706922081,"FDR<0.1",98.2710470545587,7.4965633807185,2.09460077305112,3.57899389571911,0.000344919523529457,0.00833438195630361,"FDR<0.1",123.472307839357,7.84304769387028,2.08424921247951,3.76300859173162,0.000167881431817202,0.00694609424143674,"FDR<0.1"
"41","g3318",221.881568186499,-4.64977951594405,1.36427193276069,-3.40824978091789,0.000653810169222241,0.00987913163953239,"FDR<0.1",294.77003249401,-4.23595811203119,1.65004881531075,-2.56717139076485,0.0102531920050005,0.0926700712513024,"FDR<0.1",291.121512498238,-4.41675718356086,1.67247986816662,-2.64084325774429,0.00826999701060723,0.0920124037146553,"FDR<0.1"
"42","g3469",66371.9048353068,-10.7451628851247,1.18336607210386,-9.08016812246554,1.08407270601111e-19,8.92733873400145e-17,"FDR<0.1",92303.0242442558,-13.0298513170205,1.59022901881998,-8.19369484697823,2.53326833982757e-16,2.99938971435585e-13,"FDR<0.1",91506.0282259981,-11.1243260606589,1.58430100992671,-7.02159879401548,2.19343633772498e-12,1.45205485557394e-09,"FDR<0.1"
"43","g3472",41.397139896213,-9.80275341157767,2.86956914849805,-3.4161063575375,0.000635234313133977,0.00968732327529315,"FDR<0.1",57.0656294999325,-6.7565635201346,2.37454136918029,-2.84541832280943,0.00443531325341927,0.0520221879599032,"FDR<0.1",56.2603610379984,-9.2221578928472,2.85369129544628,-3.23165925745481,0.00123073720163281,0.0254608758587788,"FDR<0.1"
"44","g3477",4257.87522752789,5.42801409478203,1.35710579734134,3.9996985536543,6.3423217594134e-05,0.00147123999123294,"FDR<0.1",5624.21119209605,9.38282931436147,1.70720323280425,5.49602363331357,3.8845047318228e-08,7.66542267079698e-06,"FDR<0.1",323.957666024084,5.20786685289406,1.77394250936841,2.93575852959759,0.00332733219977153,0.0489487536944167,"FDR<0.1"
"45","g3487",58.7170272930721,8.70703910855124,2.34290538922334,3.71634260119978,0.000202127461202449,0.00378299918864128,"FDR<0.1",29.954033914995,8.76770822249086,2.75365482948293,3.18402587303842,0.00145242029768093,0.0232387247628949,"FDR<0.1",25.1009414607407,8.52579084904819,2.88388412838539,2.95635693720522,0.00311296608528952,0.0463097426620599,"FDR<0.1"
"46","g3555",455.332943612936,7.54308208817905,1.56726297920977,4.81290133707003,1.48754738657395e-06,7.20585454613909e-05,"FDR<0.1",206.877376804968,7.36155429914636,1.99584548566514,3.68843898589326,0.000225634117036385,0.00580762596893651,"FDR<0.1",207.847340832323,7.38323393862156,2.01795083918327,3.65877790244375,0.000253420838959863,0.00860331258417585,"FDR<0.1"
"47","g3561",9783.71593782129,8.57428774847789,1.2361504440373,6.93628173644792,4.02554407970608e-12,1.65751777481898e-09,"FDR<0.1",5910.13830817119,8.9773752994642,1.60802457205708,5.58285952557294,2.36595841421334e-08,5.60258952485718e-06,"FDR<0.1",3704.56788607627,8.31257267168334,1.62684432209268,5.10963007264919,3.22790200599382e-07,5.34217781991978e-05,"FDR<0.1"
"48","g3609",404.219672088312,-10.6422603567045,1.96049382484199,-5.42835698937344,5.68751918013632e-08,5.01311307889211e-06,"FDR<0.1",556.053996750938,-6.33800675598535,1.68699922371802,-3.756970760198,0.000171982582669414,0.00484827090191871,"FDR<0.1",548.381184620741,-8.0614120856901,1.80779641478192,-4.45924774480901,8.22478090880397e-06,0.000808550782516862,"FDR<0.1"
"49","g3644",14162.5892166216,-6.52768717984465,1.17997005816955,-5.53207866136098,3.16457918847541e-08,3.25753870213688e-06,"FDR<0.1",19520.9587790733,-6.65413813090846,1.56053635551693,-4.26400711997783,2.00793041282856e-05,0.00123837081736658,"FDR<0.1",19338.0080283741,-6.83151980302297,1.57798826696319,-4.32925893433295,1.49611941012732e-05,0.00116521299941681,"FDR<0.1"
"50","g3650",51.486402841658,-10.1230611151993,2.81226590788779,-3.59961022419904,0.000318694524257314,0.00541123589125562,"FDR<0.1",71.6806273468005,-9.5341100360893,2.76410809868708,-3.44925368172753,0.000562138326988422,0.0123254033176721,"FDR<0.1",71.0533227200928,-9.55825893513205,2.78555765953772,-3.43136280177317,0.000600556827121634,0.015291100752097,"FDR<0.1"
"51","g3665",104.408566782611,9.500591173411,2.17115814803429,4.3758172024514,1.20978369718985e-05,0.000390688970445427,"FDR<0.1",45.4565602394223,9.36945052267295,2.59388004471576,3.61213716947333,0.0003036838466356,0.00749086821701146,"FDR<0.1",53.2754675901435,9.61152905975361,2.57723667657196,3.72939324786349,0.000191941401614589,0.00726086902107758,"FDR<0.1"
"52","g3666",233.086497406069,10.6330393013245,2.03990269686832,5.21252279221378,1.86289671389842e-07,1.32765741023572e-05,"FDR<0.1",105.627382752877,10.5858764541643,2.40600123617267,4.3997801393501,1.0836060857948e-05,0.00071277200310058,"FDR<0.1",117.052349464883,10.7471414960201,2.41457939920172,4.45093729349847,8.54963063084295e-06,0.000808550782516862,"FDR<0.1"
"53","g3668",1058.99939847458,8.08797185899238,1.43815386365652,5.62385712918689,1.86740112825041e-08,2.36585358325264e-06,"FDR<0.1",349.076763142785,7.21456802845531,1.82892940507589,3.9446946439991,7.99017299601057e-05,0.00316935352058159,"FDR<0.1",514.26247637577,7.79407163706994,1.83147649749146,4.25562197917655,2.08468671772147e-05,0.00138006260713161,"FDR<0.1"
"54","g3876",165576.947133769,-11.7918185750043,2.00911886256381,-5.86914930456476,4.38036842570318e-09,7.21446679713313e-07,"FDR<0.1",226512.669828881,-11.6085923847688,2.33030288884168,-4.98158090965551,6.30669046753349e-07,6.78829228505423e-05,"FDR<0.1",224214.211846588,-12.0668652969793,2.34514331238568,-5.14547031443628,2.668513997041e-07,5.0473036172604e-05,"FDR<0.1"
"55","g3902",112.482892031031,7.59877302496145,1.87679471330931,4.04880351115372,5.14801416262357e-05,0.00126548945161806,"FDR<0.1",36.4358463995937,6.63418309115091,2.3998342045367,2.764433925731,0.00570216542685524,0.0592224900473386,"FDR<0.1",52.4327987253564,7.18013298889056,2.31224747181882,3.10526147239882,0.00190110885901501,0.0331193174912615,"FDR<0.1"
"56","g3911",99.4028968086511,8.82453856241401,2.18362908220565,4.04122597300293,5.31724896234849e-05,0.00128786897661588,"FDR<0.1",89.5993470615202,10.3484526617579,2.43215149733174,4.25485528887116,2.091842596903e-05,0.00123837081736658,"FDR<0.1",23.5641491264096,8.43464181997832,2.91947874891348,2.88909169937181,0.00386356388557698,0.0544187083457864,"FDR<0.1"
"57","g3918",373.502037866861,5.60500407747428,1.4290314001283,3.92223997105387,8.77295507459078e-05,0.00185244320613475,"FDR<0.1",123.730654457875,4.87735470096918,1.83587839926206,2.65668723098962,0.00789126177252104,0.0773696912654882,"FDR<0.1",218.319556780134,5.75277649134937,1.80041911568745,3.19524295272371,0.00139713175154125,0.0272029770447149,"FDR<0.1"
"58","g4003",332.225143743144,7.73393095707456,1.45445934581594,5.31739232129303,1.05264940588e-07,7.88051623401981e-06,"FDR<0.1",124.817238894342,7.05234262249985,1.83687856886642,3.8393080206995,0.000123381561686722,0.00405788247325219,"FDR<0.1",150.131534811337,7.33584488754192,1.8370373928593,3.99330188708018,6.51595228735301e-05,0.00319522993646496,"FDR<0.1"
"59","g4228",167.86832465709,-9.37535393742232,2.04965671011694,-4.57410935750671,4.78250010006487e-06,0.000175039503662374,"FDR<0.1",229.679462348465,-8.77016427259972,2.23323292519182,-3.92711578522264,8.59706006943942e-05,0.00318091222569259,"FDR<0.1",228.488001298254,-6.47112491939196,1.83848650881413,-3.51981093598886,0.000431854516144274,0.0121654336037238,"FDR<0.1"
"60","g4306",15732.6029617552,-7.10633617393035,1.32814957191544,-5.35055412748557,8.76853204664907e-08,6.87703441944334e-06,"FDR<0.1",21813.9863883342,-8.81597418948283,1.68877030403394,-5.22035126294219,1.78584084114429e-07,3.02062222273548e-05,"FDR<0.1",21747.6839605063,-6.28219168186954,1.69938413868157,-3.69674609693805,0.000218380557503425,0.00760883837196143,"FDR<0.1"
"61","g4337",758.758631986569,7.87197782133823,1.55702509147208,5.0557809661858,4.28633062019076e-07,2.52780942767287e-05,"FDR<0.1",341.408570177679,7.57685904921382,1.98532450930912,3.81643354206638,0.000135394521005513,0.00421860823343494,"FDR<0.1",320.049838219919,7.49753144117923,2.01009544444849,3.72993802950305,0.000191526871240476,0.00726086902107758,"FDR<0.1"
"62","g4353",396.594427137785,11.0497984855295,1.9941004796008,5.54124458549929,3.00329387325167e-08,3.25753870213688e-06,"FDR<0.1",273.790380170393,11.9599618847358,2.3141205917181,5.16825351606082,2.36291650756714e-07,3.49711643119936e-05,"FDR<0.1",151.117912875888,11.1156619448457,2.38283810309339,4.664883413781,3.08792063063069e-06,0.000371673355905004,"FDR<0.1"
"63","g4402",2175.17562428253,-4.31728596731356,1.18867063705602,-3.63202878301612,0.000281201747653263,0.00504142589072421,"FDR<0.1",2894.05145536393,-3.98122581399526,1.5592305592632,-2.5533272102341,0.0106699205388319,0.0957059539240676,"FDR<0.1",2833.51926233806,-4.68452068538764,1.57791431133144,-2.96880549960591,0.00298959761767438,0.0459097173633581,"FDR<0.1"
"64","g4427",283.981414891436,5.87542756442272,1.38727390236513,4.23523253368051,2.28315316765972e-05,0.000673881555664208,"FDR<0.1",79.8086931070527,4.76597712468943,1.83987675168,2.59037846982827,0.00958704657982738,0.0895398477966187,"FDR<0.1",164.711596429626,5.87856420065558,1.76121230160476,3.3377941973828,0.00084446271343773,0.0199655112962778,"FDR<0.1"
"65","g4433",69.3017291659193,7.62924170755849,2.22183294017693,3.43376028395319,0.000595270380886366,0.00924915393697966,"FDR<0.1",30.8301480061105,7.36669301887847,2.62373744309997,2.80770968080352,0.00498951857808521,0.0552111214621765,"FDR<0.1",31.3390404771151,7.4043391961597,2.65147088049713,2.79254026533809,0.00522959585075977,0.0685543060040191,"FDR<0.1"
"66","g444",129.629950617224,-5.6602321995387,1.5177084383064,-3.72945953035283,0.00019189092152048,0.00366672247873025,"FDR<0.1",177.536613796417,-7.3957052598139,1.96702758551322,-3.75983810002556,0.000170023353327161,0.00484827090191871,"FDR<0.1",177.022203148585,-5.83509300166387,1.80109592210201,-3.23974582922486,0.00119636290364244,0.0251426108638506,"FDR<0.1"
"67","g4447",222.754393085199,5.82924159109167,1.64695223662507,3.53941144221458,0.000401020294888903,0.00653941015526756,"FDR<0.1",180.601908458481,7.1632681078078,2.00858464513063,3.56632623134582,0.000362020665619506,0.00842134869393676,"FDR<0.1",72.0973512997453,5.82555052084746,2.1811840917072,2.6708201948639,0.00756661664623465,0.0886566410585369,"FDR<0.1"
"68","g458",2081.33711048798,-5.5352319694153,1.21721629737412,-4.54745141135258,5.42994509192948e-06,0.000190279139710806,"FDR<0.1",2844.86553049544,-5.93111591159769,1.58730776725448,-3.73658847638386,0.00018653383314006,0.00501945587358707,"FDR<0.1",2823.88194179879,-5.71435608927082,1.6035153125426,-3.56364298150038,0.000365743325765538,0.0110055491662176,"FDR<0.1"
"69","g557",522.019884655585,5.66436005685316,1.35805628675366,4.17093172948922,3.03356743017649e-05,0.000846828060593336,"FDR<0.1",244.578496344683,5.48758966789923,1.7310447487744,3.17010272079015,0.00152385056470951,0.0240565209148807,"FDR<0.1",246.273831841223,5.51068736535537,1.75020765622476,3.14859059481093,0.00164059861788749,0.0305936981701837,"FDR<0.1"
"70","g61",6888.93713925961,10.3971639103639,1.55350275544449,6.69272318566893,2.19055281454642e-11,6.01306747592991e-09,"FDR<0.1",2908.43556846612,10.0989729434104,1.97538264694375,5.11241351595104,3.18068617322391e-07,4.07880605905139e-05,"FDR<0.1",3262.69341069199,10.2797447819655,1.99325134324534,5.15727472945201,2.5057002739371e-07,5.0473036172604e-05,"FDR<0.1"
"71","g616",171.808487494203,-5.79228774868277,1.41608156231047,-4.09036308560653,4.30698403224934e-05,0.00110356089004418,"FDR<0.1",233.74420825432,-5.61239262456475,1.69168245651527,-3.31763955046613,0.000907815538474506,0.0170611682151399,"FDR<0.1",231.840942019536,-5.4840652442325,1.7051666232113,-3.21614625197419,0.00129924601258401,0.026063662434261,"FDR<0.1"
"72","g790",1157.99295769897,-6.30763204062429,1.21172243286834,-5.20550900893458,1.93465560690087e-07,1.32765741023572e-05,"FDR<0.1",1595.26310872087,-5.22669735486802,1.56918814144761,-3.33082899163785,0.000865877777878023,0.016535472403348,"FDR<0.1",1565.33601408724,-7.25060516791225,1.61152237174396,-4.49922712525908,6.82009612082277e-06,0.000752483938664112,"FDR<0.1"
"73","g95",574.305790081758,6.05817694546749,1.31240431604756,4.61609038570697,3.91036692098536e-06,0.00014637214361052,"FDR<0.1",173.276953713849,4.97674552931988,1.72136725751833,2.89115847160632,0.00383824522202923,0.0468503334317795,"FDR<0.1",305.600702894161,5.84747851799354,1.69992465312927,3.43984570564898,0.000582045906657499,0.015291100752097,"FDR<0.1"
"74","g97",161.109714530581,7.42478877024043,1.7308997210999,4.28955454769058,1.79031839219829e-05,0.000556349885273695,"FDR<0.1",51.500713397812,6.55332033140253,2.23995519949621,2.92564794727879,0.00343739687436443,0.0428408199920788,"FDR<0.1",83.5157071467496,7.274640506863,2.15061844696841,3.38258072561295,0.000718081700327713,0.0179029583676987,"FDR<0.1"
